{
  "home": [
    {
      "img1": "https://cdn.shopify.com/s/files/1/0572/0637/4587/files/Homepage_Slider_Banners-02_2000x.png?v=1675297281",
      "img2":"https://cdn.shopify.com/s/files/1/0572/0637/4587/files/Desktop_-_5_2000x.png?v=1682022916",
      "img3":"https://cdn.shopify.com/s/files/1/0572/0637/4587/files/Desktop_-_4_2000x.png?v=1682020814",
      "img4":"https://cdn.shopify.com/s/files/1/0572/0637/4587/files/Desktop_-_3_c72e967b-8b21-4acf-9954-eca271c63fa0_2000x.png?v=1682020923",
      "img5":"https://cdn.shopify.com/s/files/1/0572/0637/4587/files/Desktop_-_5_2000x.png?v=1682022916"
    }
  ],
  "single": [
    {
      
      "describe": "Get all of your classic lashing essentials in one kit! With two pairs of tweezers, lash trays, Lash Pure Cleanser, brushes, and more, The Classic Kit is perfect for new artists wanting to try out some of the Sugarlash PRO essentials and is the ultimate setup for seasoned classic artists.",
      "id": 0,
      "img1": "https://cdn.shopify.com/s/files/1/0572/0637/4587/products/Mixed_Kit_Website_1_1512x.jpg?v=1656441174",
      "img2": "https://cdn.shopify.com/s/files/1/0572/0637/4587/products/Mixed_Kit_Website_2_1512x.jpg?v=1656441177",
      "img3": "https://cdn.shopify.com/s/files/1/0572/0637/4587/products/Mixed_Kit_Website_3_1512x.jpg?v=1656441177",
      "img4": "https://cdn.shopify.com/s/files/1/0572/0637/4587/products/Mixed_Kit_Website_4_120x.jpg?v=1656441181",
      "img5": "https://cdn.shopify.com/s/files/1/0572/0637/4587/products/SLP_Rose-11-Mixedkit_120x.jpg?v=1656441182",
      "name": "Classic Lash Kit",
      "price": "100",
      "length":[
        8,9,10,11,12,13,14,15,16,17,18,19,20
      ],
      "diameter":[
        0.1 , 0.12 , 0.15
      ],
      "curlType":[
        "C" , "CC" , "D"
      ]
    }
  ],
  "premade": [
    {
      
      "describe": "Get all of your classic lashing essentials in one kit! With two pairs of tweezers, lash trays, Lash Pure Cleanser, brushes, and more, The Classic Kit is perfect for new artists wanting to try out some of the Sugarlash PRO essentials and is the ultimate setup for seasoned classic artists.",
      "id": 0,
      "img1": "https://cdn.shopify.com/s/files/1/0572/0637/4587/products/Mixed_Kit_Website_1_1512x.jpg?v=1656441174",
      "img2": "https://cdn.shopify.com/s/files/1/0572/0637/4587/products/Mixed_Kit_Website_2_1512x.jpg?v=1656441177",
      "img3": "https://cdn.shopify.com/s/files/1/0572/0637/4587/products/Mixed_Kit_Website_3_1512x.jpg?v=1656441177",
      "img4": "https://cdn.shopify.com/s/files/1/0572/0637/4587/products/Mixed_Kit_Website_4_120x.jpg?v=1656441181",
      "img5": "https://cdn.shopify.com/s/files/1/0572/0637/4587/products/SLP_Rose-11-Mixedkit_120x.jpg?v=1656441182",
      "name": "Classic Lash Kit",
      "price": "100",
      "length":[
        8,9,10,11,12,13,14,15,16,17,18,19,20
      ],
      "diameter":[
        0.1 , 0.12 , 0.15
      ],
      "curlType":[
        "C" , "CC" , "D"
      ],
      "type":"3D"
    },
    {
      
      "describe": "Get all of your classic lashing essentials in one kit! With two pairs of tweezers, lash trays, Lash Pure Cleanser, brushes, and more, The Classic Kit is perfect for new artists wanting to try out some of the Sugarlash PRO essentials and is the ultimate setup for seasoned classic artists.",
      "id": 1,
      "img1": "https://cdn.shopify.com/s/files/1/0572/0637/4587/products/Mixed_Kit_Website_1_1512x.jpg?v=1656441174",
      "img2": "https://cdn.shopify.com/s/files/1/0572/0637/4587/products/Mixed_Kit_Website_2_1512x.jpg?v=1656441177",
      "img3": "https://cdn.shopify.com/s/files/1/0572/0637/4587/products/Mixed_Kit_Website_3_1512x.jpg?v=1656441177",
      "img4": "https://cdn.shopify.com/s/files/1/0572/0637/4587/products/Mixed_Kit_Website_4_120x.jpg?v=1656441181",
      "img5": "https://cdn.shopify.com/s/files/1/0572/0637/4587/products/SLP_Rose-11-Mixedkit_120x.jpg?v=1656441182",
      "name": "Volume Lash Kit",
      "price": "100",
      "length":[
        8,9,10,11,12,13,14,15,16,17,18,19,20
      ],
      "diameter":[
        0.1 , 0.12 , 0.15
      ],
      "curlType":[
        "C" , "CC" , "D"
      ],
      "type":"4D"
    },
    {
      
      "describe": "Get all of your classic lashing essentials in one kit! With two pairs of tweezers, lash trays, Lash Pure Cleanser, brushes, and more, The Classic Kit is perfect for new artists wanting to try out some of the Sugarlash PRO essentials and is the ultimate setup for seasoned classic artists.",
      "id": 2,
      "img1": "https://cdn.shopify.com/s/files/1/0572/0637/4587/products/Mixed_Kit_Website_1_1512x.jpg?v=1656441174",
      "img2": "https://cdn.shopify.com/s/files/1/0572/0637/4587/products/Mixed_Kit_Website_2_1512x.jpg?v=1656441177",
      "img3": "https://cdn.shopify.com/s/files/1/0572/0637/4587/products/Mixed_Kit_Website_3_1512x.jpg?v=1656441177",
      "img4": "https://cdn.shopify.com/s/files/1/0572/0637/4587/products/Mixed_Kit_Website_4_120x.jpg?v=1656441181",
      "img5": "https://cdn.shopify.com/s/files/1/0572/0637/4587/products/SLP_Rose-11-Mixedkit_120x.jpg?v=1656441182",
      "name": "Mixed PRO Kit",
      "price": "100",
      "length":[
        8,9,10,11,12,13,14,15,16,17,18,19,20
      ],
      "diameter":[
        0.1 , 0.12 , 0.15
      ],
      "curlType":[
        "C" , "CC" , "D"
      ],
      "type":"5D"
    },
    {
      
      "describe": "Get all of your classic lashing essentials in one kit! With two pairs of tweezers, lash trays, Lash Pure Cleanser, brushes, and more, The Classic Kit is perfect for new artists wanting to try out some of the Sugarlash PRO essentials and is the ultimate setup for seasoned classic artists.",
      "id": 3,
      "img1": "https://cdn.shopify.com/s/files/1/0572/0637/4587/products/Mixed_Kit_Website_1_1512x.jpg?v=1656441174",
      "img2": "https://cdn.shopify.com/s/files/1/0572/0637/4587/products/Mixed_Kit_Website_2_1512x.jpg?v=1656441177",
      "img3": "https://cdn.shopify.com/s/files/1/0572/0637/4587/products/Mixed_Kit_Website_3_1512x.jpg?v=1656441177",
      "img4": "https://cdn.shopify.com/s/files/1/0572/0637/4587/products/Mixed_Kit_Website_4_120x.jpg?v=1656441181",
      "img5": "https://cdn.shopify.com/s/files/1/0572/0637/4587/products/SLP_Rose-11-Mixedkit_120x.jpg?v=1656441182",
      "name": "Mega Volume Kit",
      "price": "100",
      "length":[
        8,9,10,11,12,13,14,15,16,17,18,19,20
      ],
      "diameter":[
        0.1 , 0.12 , 0.15
      ],
      "curlType":[
        "C" , "CC" , "D"
      ],
      "type":"6D"
    },
    {
      
      "describe": "Get all of your classic lashing essentials in one kit! With two pairs of tweezers, lash trays, Lash Pure Cleanser, brushes, and more, The Classic Kit is perfect for new artists wanting to try out some of the Sugarlash PRO essentials and is the ultimate setup for seasoned classic artists.",
      "id": 4,
      "img1": "https://cdn.shopify.com/s/files/1/0572/0637/4587/products/Mixed_Kit_Website_1_1512x.jpg?v=1656441174",
      "img2": "https://cdn.shopify.com/s/files/1/0572/0637/4587/products/Mixed_Kit_Website_2_1512x.jpg?v=1656441177",
      "img3": "https://cdn.shopify.com/s/files/1/0572/0637/4587/products/Mixed_Kit_Website_3_1512x.jpg?v=1656441177",
      "img4": "https://cdn.shopify.com/s/files/1/0572/0637/4587/products/Mixed_Kit_Website_4_120x.jpg?v=1656441181",
      "img5": "https://cdn.shopify.com/s/files/1/0572/0637/4587/products/SLP_Rose-11-Mixedkit_120x.jpg?v=1656441182",
      "name": "Lash and Brow Lamination Kit",
      "price": "100",
      "length":[
        8,9,10,11,12,13,14,15,16,17,18,19,20
      ],
      "diameter":[
        0.1 , 0.12 , 0.15
      ],
      "curlType":[
        "C" , "CC" , "D"
      ],
      "type":"7D"
    },
    {
      
      "describe": "Get all of your classic lashing essentials in one kit! With two pairs of tweezers, lash trays, Lash Pure Cleanser, brushes, and more, The Classic Kit is perfect for new artists wanting to try out some of the Sugarlash PRO essentials and is the ultimate setup for seasoned classic artists.",
      "id": 5,
      "img1": "https://cdn.shopify.com/s/files/1/0572/0637/4587/products/Mixed_Kit_Website_1_1512x.jpg?v=1656441174",
      "img2": "https://cdn.shopify.com/s/files/1/0572/0637/4587/products/Mixed_Kit_Website_2_1512x.jpg?v=1656441177",
      "img3": "https://cdn.shopify.com/s/files/1/0572/0637/4587/products/Mixed_Kit_Website_3_1512x.jpg?v=1656441177",
      "img4": "https://cdn.shopify.com/s/files/1/0572/0637/4587/products/Mixed_Kit_Website_4_120x.jpg?v=1656441181",
      "img5": "https://cdn.shopify.com/s/files/1/0572/0637/4587/products/SLP_Rose-11-Mixedkit_120x.jpg?v=1656441182",
      "name": "Lash Lift Kit",
      "price": "100",
      "length":[
        8,9,10,11,12,13,14,15,16,17,18,19,20
      ],
      "diameter":[
        0.1 , 0.12 , 0.15
      ],
      "curlType":[
        "C" , "CC" , "D"
      ],
      "type":"8D"
    },
    {
      
      "describe": "Get all of your classic lashing essentials in one kit! With two pairs of tweezers, lash trays, Lash Pure Cleanser, brushes, and more, The Classic Kit is perfect for new artists wanting to try out some of the Sugarlash PRO essentials and is the ultimate setup for seasoned classic artists.",
      "id": 6,
      "img1": "https://cdn.shopify.com/s/files/1/0572/0637/4587/products/Mixed_Kit_Website_1_1512x.jpg?v=1656441174",
      "img2": "https://cdn.shopify.com/s/files/1/0572/0637/4587/products/Mixed_Kit_Website_2_1512x.jpg?v=1656441177",
      "img3": "https://cdn.shopify.com/s/files/1/0572/0637/4587/products/Mixed_Kit_Website_3_1512x.jpg?v=1656441177",
      "img4": "https://cdn.shopify.com/s/files/1/0572/0637/4587/products/Mixed_Kit_Website_4_120x.jpg?v=1656441181",
      "img5": "https://cdn.shopify.com/s/files/1/0572/0637/4587/products/SLP_Rose-11-Mixedkit_120x.jpg?v=1656441182",
      "name": "Lash lift complete kit",
      "price": "100",
      "length":[
        8,9,10,11,12,13,14,15,16,17,18,19,20
      ],
      "diameter":[
        0.1 , 0.12 , 0.15
      ],
      "curlType":[
        "C" , "CC" , "D"
      ],
      "type":"9D"
    },
    {
      
      "describe": "Get all of your classic lashing essentials in one kit! With two pairs of tweezers, lash trays, Lash Pure Cleanser, brushes, and more, The Classic Kit is perfect for new artists wanting to try out some of the Sugarlash PRO essentials and is the ultimate setup for seasoned classic artists.",
      "id": 7,
      "img1": "https://cdn.shopify.com/s/files/1/0572/0637/4587/products/Mixed_Kit_Website_1_1512x.jpg?v=1656441174",
      "img2": "https://cdn.shopify.com/s/files/1/0572/0637/4587/products/Mixed_Kit_Website_2_1512x.jpg?v=1656441177",
      "img3": "https://cdn.shopify.com/s/files/1/0572/0637/4587/products/Mixed_Kit_Website_3_1512x.jpg?v=1656441177",
      "img4": "https://cdn.shopify.com/s/files/1/0572/0637/4587/products/Mixed_Kit_Website_4_120x.jpg?v=1656441181",
      "img5": "https://cdn.shopify.com/s/files/1/0572/0637/4587/products/SLP_Rose-11-Mixedkit_120x.jpg?v=1656441182",
      "name": "Classic Practice Kit",
      "price": "100",
      "length":[
        8,9,10,11,12,13,14,15,16,17,18,19,20
      ],
      "diameter":[
        0.1 , 0.12 , 0.15
      ],
      "curlType":[
        "C" , "CC" , "D"
      ],
      "type":"10D"
    },
    {
      
      "describe": "Get all of your classic lashing essentials in one kit! With two pairs of tweezers, lash trays, Lash Pure Cleanser, brushes, and more, The Classic Kit is perfect for new artists wanting to try out some of the Sugarlash PRO essentials and is the ultimate setup for seasoned classic artists.",
      "id": 8,
      "img1": "https://cdn.shopify.com/s/files/1/0572/0637/4587/products/Mixed_Kit_Website_1_1512x.jpg?v=1656441174",
      "img2": "https://cdn.shopify.com/s/files/1/0572/0637/4587/products/Mixed_Kit_Website_2_1512x.jpg?v=1656441177",
      "img3": "https://cdn.shopify.com/s/files/1/0572/0637/4587/products/Mixed_Kit_Website_3_1512x.jpg?v=1656441177",
      "img4": "https://cdn.shopify.com/s/files/1/0572/0637/4587/products/Mixed_Kit_Website_4_120x.jpg?v=1656441181",
      "img5": "https://cdn.shopify.com/s/files/1/0572/0637/4587/products/SLP_Rose-11-Mixedkit_120x.jpg?v=1656441182",
      "name": "Classic Practice Kit",
      "price": "100",
      "length":[
        8,9,10,11,12,13,14,15,16,17,18,19,20
      ],
      "diameter":[
        0.1 , 0.12 , 0.15
      ],
      "curlType":[
        "C" , "CC" , "D"
      ],
      "type":"11D"
    },
    {
      
      "describe": "Get all of your classic lashing essentials in one kit! With two pairs of tweezers, lash trays, Lash Pure Cleanser, brushes, and more, The Classic Kit is perfect for new artists wanting to try out some of the Sugarlash PRO essentials and is the ultimate setup for seasoned classic artists.",
      "id": 9,
      "img1": "https://cdn.shopify.com/s/files/1/0572/0637/4587/products/Mixed_Kit_Website_1_1512x.jpg?v=1656441174",
      "img2": "https://cdn.shopify.com/s/files/1/0572/0637/4587/products/Mixed_Kit_Website_2_1512x.jpg?v=1656441177",
      "img3": "https://cdn.shopify.com/s/files/1/0572/0637/4587/products/Mixed_Kit_Website_3_1512x.jpg?v=1656441177",
      "img4": "https://cdn.shopify.com/s/files/1/0572/0637/4587/products/Mixed_Kit_Website_4_120x.jpg?v=1656441181",
      "img5": "https://cdn.shopify.com/s/files/1/0572/0637/4587/products/SLP_Rose-11-Mixedkit_120x.jpg?v=1656441182",
      "name": "Classic Practice Kit",
      "price": "100",
      "length":[
        8,9,10,11,12,13,14,15,16,17,18,19,20
      ],
      "diameter":[
        0.1 , 0.12 , 0.15
      ],
      "curlType":[
        "C" , "CC" , "D"
      ],
      "type":"12D"
    }
  ],
  "productfornail": [
    {
      
      "describe": "Get all of your classic lashing essentials in one kit! With two pairs of tweezers, lash trays, Lash Pure Cleanser, brushes, and more, The Classic Kit is perfect for new artists wanting to try out some of the Sugarlash PRO essentials and is the ultimate setup for seasoned classic artists.",
      "id": 0,
      "img1": "https://cdn.shopify.com/s/files/1/0572/0637/4587/products/Mixed_Kit_Website_1_1512x.jpg?v=1656441174",
      "img2": "https://cdn.shopify.com/s/files/1/0572/0637/4587/products/Mixed_Kit_Website_2_1512x.jpg?v=1656441177",
      "img3": "https://cdn.shopify.com/s/files/1/0572/0637/4587/products/Mixed_Kit_Website_3_1512x.jpg?v=1656441177",
      "img4": "https://cdn.shopify.com/s/files/1/0572/0637/4587/products/Mixed_Kit_Website_4_120x.jpg?v=1656441181",
      "img5": "https://cdn.shopify.com/s/files/1/0572/0637/4587/products/SLP_Rose-11-Mixedkit_120x.jpg?v=1656441182",
      "name": "Classic Lash Kit",
      "price": "100"
    },
    {
      
      "describe": "Get all of your classic lashing essentials in one kit! With two pairs of tweezers, lash trays, Lash Pure Cleanser, brushes, and more, The Classic Kit is perfect for new artists wanting to try out some of the Sugarlash PRO essentials and is the ultimate setup for seasoned classic artists.",
      "id": 1,
      "img1": "https://cdn.shopify.com/s/files/1/0572/0637/4587/products/Mixed_Kit_Website_1_1512x.jpg?v=1656441174",
      "img2": "https://cdn.shopify.com/s/files/1/0572/0637/4587/products/Mixed_Kit_Website_2_1512x.jpg?v=1656441177",
      "img3": "https://cdn.shopify.com/s/files/1/0572/0637/4587/products/Mixed_Kit_Website_3_1512x.jpg?v=1656441177",
      "img4": "https://cdn.shopify.com/s/files/1/0572/0637/4587/products/Mixed_Kit_Website_4_120x.jpg?v=1656441181",
      "img5": "https://cdn.shopify.com/s/files/1/0572/0637/4587/products/SLP_Rose-11-Mixedkit_120x.jpg?v=1656441182",
      "name": "Volume Lash Kit",
      "price": "100"
    },
    {
      
      "describe": "Get all of your classic lashing essentials in one kit! With two pairs of tweezers, lash trays, Lash Pure Cleanser, brushes, and more, The Classic Kit is perfect for new artists wanting to try out some of the Sugarlash PRO essentials and is the ultimate setup for seasoned classic artists.",
      "id": 2,
      "img1": "https://cdn.shopify.com/s/files/1/0572/0637/4587/products/Mixed_Kit_Website_1_1512x.jpg?v=1656441174",
      "img2": "https://cdn.shopify.com/s/files/1/0572/0637/4587/products/Mixed_Kit_Website_2_1512x.jpg?v=1656441177",
      "img3": "https://cdn.shopify.com/s/files/1/0572/0637/4587/products/Mixed_Kit_Website_3_1512x.jpg?v=1656441177",
      "img4": "https://cdn.shopify.com/s/files/1/0572/0637/4587/products/Mixed_Kit_Website_4_120x.jpg?v=1656441181",
      "img5": "https://cdn.shopify.com/s/files/1/0572/0637/4587/products/SLP_Rose-11-Mixedkit_120x.jpg?v=1656441182",
      "name": "Mixed PRO Kit",
      "price": "100"
    },
    {
      
      "describe": "Get all of your classic lashing essentials in one kit! With two pairs of tweezers, lash trays, Lash Pure Cleanser, brushes, and more, The Classic Kit is perfect for new artists wanting to try out some of the Sugarlash PRO essentials and is the ultimate setup for seasoned classic artists.",
      "id": 3,
      "img1": "https://cdn.shopify.com/s/files/1/0572/0637/4587/products/Mixed_Kit_Website_1_1512x.jpg?v=1656441174",
      "img2": "https://cdn.shopify.com/s/files/1/0572/0637/4587/products/Mixed_Kit_Website_2_1512x.jpg?v=1656441177",
      "img3": "https://cdn.shopify.com/s/files/1/0572/0637/4587/products/Mixed_Kit_Website_3_1512x.jpg?v=1656441177",
      "img4": "https://cdn.shopify.com/s/files/1/0572/0637/4587/products/Mixed_Kit_Website_4_120x.jpg?v=1656441181",
      "img5": "https://cdn.shopify.com/s/files/1/0572/0637/4587/products/SLP_Rose-11-Mixedkit_120x.jpg?v=1656441182",
      "name": "Mega Volume Kit",
      "price": "100"
    },
    {
      
      "describe": "Get all of your classic lashing essentials in one kit! With two pairs of tweezers, lash trays, Lash Pure Cleanser, brushes, and more, The Classic Kit is perfect for new artists wanting to try out some of the Sugarlash PRO essentials and is the ultimate setup for seasoned classic artists.",
      "id": 4,
      "img1": "https://cdn.shopify.com/s/files/1/0572/0637/4587/products/Mixed_Kit_Website_1_1512x.jpg?v=1656441174",
      "img2": "https://cdn.shopify.com/s/files/1/0572/0637/4587/products/Mixed_Kit_Website_2_1512x.jpg?v=1656441177",
      "img3": "https://cdn.shopify.com/s/files/1/0572/0637/4587/products/Mixed_Kit_Website_3_1512x.jpg?v=1656441177",
      "img4": "https://cdn.shopify.com/s/files/1/0572/0637/4587/products/Mixed_Kit_Website_4_120x.jpg?v=1656441181",
      "img5": "https://cdn.shopify.com/s/files/1/0572/0637/4587/products/SLP_Rose-11-Mixedkit_120x.jpg?v=1656441182",
      "name": "Lash and Brow Lamination Kit",
      "price": "100"
    },
    {
      
      "describe": "Get all of your classic lashing essentials in one kit! With two pairs of tweezers, lash trays, Lash Pure Cleanser, brushes, and more, The Classic Kit is perfect for new artists wanting to try out some of the Sugarlash PRO essentials and is the ultimate setup for seasoned classic artists.",
      "id": 5,
      "img1": "https://cdn.shopify.com/s/files/1/0572/0637/4587/products/Mixed_Kit_Website_1_1512x.jpg?v=1656441174",
      "img2": "https://cdn.shopify.com/s/files/1/0572/0637/4587/products/Mixed_Kit_Website_2_1512x.jpg?v=1656441177",
      "img3": "https://cdn.shopify.com/s/files/1/0572/0637/4587/products/Mixed_Kit_Website_3_1512x.jpg?v=1656441177",
      "img4": "https://cdn.shopify.com/s/files/1/0572/0637/4587/products/Mixed_Kit_Website_4_120x.jpg?v=1656441181",
      "img5": "https://cdn.shopify.com/s/files/1/0572/0637/4587/products/SLP_Rose-11-Mixedkit_120x.jpg?v=1656441182",
      "name": "Lash Lift Kit",
      "price": "100"
    },
    {
      
      "describe": "Get all of your classic lashing essentials in one kit! With two pairs of tweezers, lash trays, Lash Pure Cleanser, brushes, and more, The Classic Kit is perfect for new artists wanting to try out some of the Sugarlash PRO essentials and is the ultimate setup for seasoned classic artists.",
      "id": 6,
      "img1": "https://cdn.shopify.com/s/files/1/0572/0637/4587/products/Mixed_Kit_Website_1_1512x.jpg?v=1656441174",
      "img2": "https://cdn.shopify.com/s/files/1/0572/0637/4587/products/Mixed_Kit_Website_2_1512x.jpg?v=1656441177",
      "img3": "https://cdn.shopify.com/s/files/1/0572/0637/4587/products/Mixed_Kit_Website_3_1512x.jpg?v=1656441177",
      "img4": "https://cdn.shopify.com/s/files/1/0572/0637/4587/products/Mixed_Kit_Website_4_120x.jpg?v=1656441181",
      "img5": "https://cdn.shopify.com/s/files/1/0572/0637/4587/products/SLP_Rose-11-Mixedkit_120x.jpg?v=1656441182",
      "name": "Lash lift complete kit",
      "price": "100"
    },
    {
      
      "describe": "Get all of your classic lashing essentials in one kit! With two pairs of tweezers, lash trays, Lash Pure Cleanser, brushes, and more, The Classic Kit is perfect for new artists wanting to try out some of the Sugarlash PRO essentials and is the ultimate setup for seasoned classic artists.",
      "id": 7,
      "img1": "https://cdn.shopify.com/s/files/1/0572/0637/4587/products/Mixed_Kit_Website_1_1512x.jpg?v=1656441174",
      "img2": "https://cdn.shopify.com/s/files/1/0572/0637/4587/products/Mixed_Kit_Website_2_1512x.jpg?v=1656441177",
      "img3": "https://cdn.shopify.com/s/files/1/0572/0637/4587/products/Mixed_Kit_Website_3_1512x.jpg?v=1656441177",
      "img4": "https://cdn.shopify.com/s/files/1/0572/0637/4587/products/Mixed_Kit_Website_4_120x.jpg?v=1656441181",
      "img5": "https://cdn.shopify.com/s/files/1/0572/0637/4587/products/SLP_Rose-11-Mixedkit_120x.jpg?v=1656441182",
      "name": "Classic Practice Kit",
      "price": "100"
    }
  ],
  "handmadeproduct": [
    {
      
      "describe": "Get all of your classic lashing essentials in one kit! With two pairs of tweezers, lash trays, Lash Pure Cleanser, brushes, and more, The Classic Kit is perfect for new artists wanting to try out some of the Sugarlash PRO essentials and is the ultimate setup for seasoned classic artists.",
      "id": 0,
      "img1": "https://cdn.shopify.com/s/files/1/0572/0637/4587/products/Mixed_Kit_Website_1_1512x.jpg?v=1656441174",
      "img2": "https://cdn.shopify.com/s/files/1/0572/0637/4587/products/Mixed_Kit_Website_2_1512x.jpg?v=1656441177",
      "img3": "https://cdn.shopify.com/s/files/1/0572/0637/4587/products/Mixed_Kit_Website_3_1512x.jpg?v=1656441177",
      "img4": "https://cdn.shopify.com/s/files/1/0572/0637/4587/products/Mixed_Kit_Website_4_120x.jpg?v=1656441181",
      "img5": "https://cdn.shopify.com/s/files/1/0572/0637/4587/products/SLP_Rose-11-Mixedkit_120x.jpg?v=1656441182",
      "name": "Classic Lash Kit",
      "price": "100"
    },
    {
      
      "describe": "Get all of your classic lashing essentials in one kit! With two pairs of tweezers, lash trays, Lash Pure Cleanser, brushes, and more, The Classic Kit is perfect for new artists wanting to try out some of the Sugarlash PRO essentials and is the ultimate setup for seasoned classic artists.",
      "id": 1,
      "img1": "https://cdn.shopify.com/s/files/1/0572/0637/4587/products/Mixed_Kit_Website_1_1512x.jpg?v=1656441174",
      "img2": "https://cdn.shopify.com/s/files/1/0572/0637/4587/products/Mixed_Kit_Website_2_1512x.jpg?v=1656441177",
      "img3": "https://cdn.shopify.com/s/files/1/0572/0637/4587/products/Mixed_Kit_Website_3_1512x.jpg?v=1656441177",
      "img4": "https://cdn.shopify.com/s/files/1/0572/0637/4587/products/Mixed_Kit_Website_4_120x.jpg?v=1656441181",
      "img5": "https://cdn.shopify.com/s/files/1/0572/0637/4587/products/SLP_Rose-11-Mixedkit_120x.jpg?v=1656441182",
      "name": "Volume Lash Kit",
      "price": "100"
    },
    {
      
      "describe": "Get all of your classic lashing essentials in one kit! With two pairs of tweezers, lash trays, Lash Pure Cleanser, brushes, and more, The Classic Kit is perfect for new artists wanting to try out some of the Sugarlash PRO essentials and is the ultimate setup for seasoned classic artists.",
      "id": 2,
      "img1": "https://cdn.shopify.com/s/files/1/0572/0637/4587/products/Mixed_Kit_Website_1_1512x.jpg?v=1656441174",
      "img2": "https://cdn.shopify.com/s/files/1/0572/0637/4587/products/Mixed_Kit_Website_2_1512x.jpg?v=1656441177",
      "img3": "https://cdn.shopify.com/s/files/1/0572/0637/4587/products/Mixed_Kit_Website_3_1512x.jpg?v=1656441177",
      "img4": "https://cdn.shopify.com/s/files/1/0572/0637/4587/products/Mixed_Kit_Website_4_120x.jpg?v=1656441181",
      "img5": "https://cdn.shopify.com/s/files/1/0572/0637/4587/products/SLP_Rose-11-Mixedkit_120x.jpg?v=1656441182",
      "name": "Mixed PRO Kit",
      "price": "100"
    },
    {
      
      "describe": "Get all of your classic lashing essentials in one kit! With two pairs of tweezers, lash trays, Lash Pure Cleanser, brushes, and more, The Classic Kit is perfect for new artists wanting to try out some of the Sugarlash PRO essentials and is the ultimate setup for seasoned classic artists.",
      "id": 3,
      "img1": "https://cdn.shopify.com/s/files/1/0572/0637/4587/products/Mixed_Kit_Website_1_1512x.jpg?v=1656441174",
      "img2": "https://cdn.shopify.com/s/files/1/0572/0637/4587/products/Mixed_Kit_Website_2_1512x.jpg?v=1656441177",
      "img3": "https://cdn.shopify.com/s/files/1/0572/0637/4587/products/Mixed_Kit_Website_3_1512x.jpg?v=1656441177",
      "img4": "https://cdn.shopify.com/s/files/1/0572/0637/4587/products/Mixed_Kit_Website_4_120x.jpg?v=1656441181",
      "img5": "https://cdn.shopify.com/s/files/1/0572/0637/4587/products/SLP_Rose-11-Mixedkit_120x.jpg?v=1656441182",
      "name": "Mega Volume Kit",
      "price": "100"
    },
    {
      
      "describe": "Get all of your classic lashing essentials in one kit! With two pairs of tweezers, lash trays, Lash Pure Cleanser, brushes, and more, The Classic Kit is perfect for new artists wanting to try out some of the Sugarlash PRO essentials and is the ultimate setup for seasoned classic artists.",
      "id": 4,
      "img1": "https://cdn.shopify.com/s/files/1/0572/0637/4587/products/Mixed_Kit_Website_1_1512x.jpg?v=1656441174",
      "img2": "https://cdn.shopify.com/s/files/1/0572/0637/4587/products/Mixed_Kit_Website_2_1512x.jpg?v=1656441177",
      "img3": "https://cdn.shopify.com/s/files/1/0572/0637/4587/products/Mixed_Kit_Website_3_1512x.jpg?v=1656441177",
      "img4": "https://cdn.shopify.com/s/files/1/0572/0637/4587/products/Mixed_Kit_Website_4_120x.jpg?v=1656441181",
      "img5": "https://cdn.shopify.com/s/files/1/0572/0637/4587/products/SLP_Rose-11-Mixedkit_120x.jpg?v=1656441182",
      "name": "Lash and Brow Lamination Kit",
      "price": "100"
    },
    {
      
      "describe": "Get all of your classic lashing essentials in one kit! With two pairs of tweezers, lash trays, Lash Pure Cleanser, brushes, and more, The Classic Kit is perfect for new artists wanting to try out some of the Sugarlash PRO essentials and is the ultimate setup for seasoned classic artists.",
      "id": 5,
      "img1": "https://cdn.shopify.com/s/files/1/0572/0637/4587/products/Mixed_Kit_Website_1_1512x.jpg?v=1656441174",
      "img2": "https://cdn.shopify.com/s/files/1/0572/0637/4587/products/Mixed_Kit_Website_2_1512x.jpg?v=1656441177",
      "img3": "https://cdn.shopify.com/s/files/1/0572/0637/4587/products/Mixed_Kit_Website_3_1512x.jpg?v=1656441177",
      "img4": "https://cdn.shopify.com/s/files/1/0572/0637/4587/products/Mixed_Kit_Website_4_120x.jpg?v=1656441181",
      "img5": "https://cdn.shopify.com/s/files/1/0572/0637/4587/products/SLP_Rose-11-Mixedkit_120x.jpg?v=1656441182",
      "name": "Lash Lift Kit",
      "price": "100"
    },
    {
      
      "describe": "Get all of your classic lashing essentials in one kit! With two pairs of tweezers, lash trays, Lash Pure Cleanser, brushes, and more, The Classic Kit is perfect for new artists wanting to try out some of the Sugarlash PRO essentials and is the ultimate setup for seasoned classic artists.",
      "id": 6,
      "img1": "https://cdn.shopify.com/s/files/1/0572/0637/4587/products/Mixed_Kit_Website_1_1512x.jpg?v=1656441174",
      "img2": "https://cdn.shopify.com/s/files/1/0572/0637/4587/products/Mixed_Kit_Website_2_1512x.jpg?v=1656441177",
      "img3": "https://cdn.shopify.com/s/files/1/0572/0637/4587/products/Mixed_Kit_Website_3_1512x.jpg?v=1656441177",
      "img4": "https://cdn.shopify.com/s/files/1/0572/0637/4587/products/Mixed_Kit_Website_4_120x.jpg?v=1656441181",
      "img5": "https://cdn.shopify.com/s/files/1/0572/0637/4587/products/SLP_Rose-11-Mixedkit_120x.jpg?v=1656441182",
      "name": "Lash lift complete kit",
      "price": "100"
    },
    {
      
      "describe": "Get all of your classic lashing essentials in one kit! With two pairs of tweezers, lash trays, Lash Pure Cleanser, brushes, and more, The Classic Kit is perfect for new artists wanting to try out some of the Sugarlash PRO essentials and is the ultimate setup for seasoned classic artists.",
      "id": 7,
      "img1": "https://cdn.shopify.com/s/files/1/0572/0637/4587/products/Mixed_Kit_Website_1_1512x.jpg?v=1656441174",
      "img2": "https://cdn.shopify.com/s/files/1/0572/0637/4587/products/Mixed_Kit_Website_2_1512x.jpg?v=1656441177",
      "img3": "https://cdn.shopify.com/s/files/1/0572/0637/4587/products/Mixed_Kit_Website_3_1512x.jpg?v=1656441177",
      "img4": "https://cdn.shopify.com/s/files/1/0572/0637/4587/products/Mixed_Kit_Website_4_120x.jpg?v=1656441181",
      "img5": "https://cdn.shopify.com/s/files/1/0572/0637/4587/products/SLP_Rose-11-Mixedkit_120x.jpg?v=1656441182",
      "name": "Classic Practice Kit",
      "price": "100"
    }
  ],
  "services": [
    {
      
      "describe": "Get all of your classic lashing essentials in one kit! With two pairs of tweezers, lash trays, Lash Pure Cleanser, brushes, and more, The Classic Kit is perfect for new artists wanting to try out some of the Sugarlash PRO essentials and is the ultimate setup for seasoned classic artists.",
      "id": 0,
      "img1": "https://cdn.shopify.com/s/files/1/0572/0637/4587/products/Mixed_Kit_Website_1_1512x.jpg?v=1656441174",
      "img2": "https://cdn.shopify.com/s/files/1/0572/0637/4587/products/Mixed_Kit_Website_2_1512x.jpg?v=1656441177",
      "img3": "https://cdn.shopify.com/s/files/1/0572/0637/4587/products/Mixed_Kit_Website_3_1512x.jpg?v=1656441177",
      "img4": "https://cdn.shopify.com/s/files/1/0572/0637/4587/products/Mixed_Kit_Website_4_120x.jpg?v=1656441181",
      "img5": "https://cdn.shopify.com/s/files/1/0572/0637/4587/products/SLP_Rose-11-Mixedkit_120x.jpg?v=1656441182",
      "name": "Manicure",
      "price": "100"
    },
    {
      
      "describe": "Get all of your classic lashing essentials in one kit! With two pairs of tweezers, lash trays, Lash Pure Cleanser, brushes, and more, The Classic Kit is perfect for new artists wanting to try out some of the Sugarlash PRO essentials and is the ultimate setup for seasoned classic artists.",
      "id": 1,
      "img1": "https://cdn.shopify.com/s/files/1/0572/0637/4587/products/Mixed_Kit_Website_1_1512x.jpg?v=1656441174",
      "img2": "https://cdn.shopify.com/s/files/1/0572/0637/4587/products/Mixed_Kit_Website_2_1512x.jpg?v=1656441177",
      "img3": "https://cdn.shopify.com/s/files/1/0572/0637/4587/products/Mixed_Kit_Website_3_1512x.jpg?v=1656441177",
      "img4": "https://cdn.shopify.com/s/files/1/0572/0637/4587/products/Mixed_Kit_Website_4_120x.jpg?v=1656441181",
      "img5": "https://cdn.shopify.com/s/files/1/0572/0637/4587/products/SLP_Rose-11-Mixedkit_120x.jpg?v=1656441182",
      "name": "Apply nails",
      "price": "100"
    },
    {
      
      "describe": "Get all of your classic lashing essentials in one kit! With two pairs of tweezers, lash trays, Lash Pure Cleanser, brushes, and more, The Classic Kit is perfect for new artists wanting to try out some of the Sugarlash PRO essentials and is the ultimate setup for seasoned classic artists.",
      "id": 2,
      "img1": "https://cdn.shopify.com/s/files/1/0572/0637/4587/products/Mixed_Kit_Website_1_1512x.jpg?v=1656441174",
      "img2": "https://cdn.shopify.com/s/files/1/0572/0637/4587/products/Mixed_Kit_Website_2_1512x.jpg?v=1656441177",
      "img3": "https://cdn.shopify.com/s/files/1/0572/0637/4587/products/Mixed_Kit_Website_3_1512x.jpg?v=1656441177",
      "img4": "https://cdn.shopify.com/s/files/1/0572/0637/4587/products/Mixed_Kit_Website_4_120x.jpg?v=1656441181",
      "img5": "https://cdn.shopify.com/s/files/1/0572/0637/4587/products/SLP_Rose-11-Mixedkit_120x.jpg?v=1656441182",
      "name": "Make eyelashes",
      "price": "100"
    },
    {
      
      "describe": "Get all of your classic lashing essentials in one kit! With two pairs of tweezers, lash trays, Lash Pure Cleanser, brushes, and more, The Classic Kit is perfect for new artists wanting to try out some of the Sugarlash PRO essentials and is the ultimate setup for seasoned classic artists.",
      "id": 3,
      "img1": "https://cdn.shopify.com/s/files/1/0572/0637/4587/products/Mixed_Kit_Website_1_1512x.jpg?v=1656441174",
      "img2": "https://cdn.shopify.com/s/files/1/0572/0637/4587/products/Mixed_Kit_Website_2_1512x.jpg?v=1656441177",
      "img3": "https://cdn.shopify.com/s/files/1/0572/0637/4587/products/Mixed_Kit_Website_3_1512x.jpg?v=1656441177",
      "img4": "https://cdn.shopify.com/s/files/1/0572/0637/4587/products/Mixed_Kit_Website_4_120x.jpg?v=1656441181",
      "img5": "https://cdn.shopify.com/s/files/1/0572/0637/4587/products/SLP_Rose-11-Mixedkit_120x.jpg?v=1656441182",
      "name": "Eyelash extensions",
      "price": "100"
    },
    {
      
      "describe": "Get all of your classic lashing essentials in one kit! With two pairs of tweezers, lash trays, Lash Pure Cleanser, brushes, and more, The Classic Kit is perfect for new artists wanting to try out some of the Sugarlash PRO essentials and is the ultimate setup for seasoned classic artists.",
      "id": 4,
      "img1": "https://cdn.shopify.com/s/files/1/0572/0637/4587/products/Mixed_Kit_Website_1_1512x.jpg?v=1656441174",
      "img2": "https://cdn.shopify.com/s/files/1/0572/0637/4587/products/Mixed_Kit_Website_2_1512x.jpg?v=1656441177",
      "img3": "https://cdn.shopify.com/s/files/1/0572/0637/4587/products/Mixed_Kit_Website_3_1512x.jpg?v=1656441177",
      "img4": "https://cdn.shopify.com/s/files/1/0572/0637/4587/products/Mixed_Kit_Website_4_120x.jpg?v=1656441181",
      "img5": "https://cdn.shopify.com/s/files/1/0572/0637/4587/products/SLP_Rose-11-Mixedkit_120x.jpg?v=1656441182",
      "name": "Peel off dead skin",
      "price": "100"
    },
    {
      
      "describe": "Get all of your classic lashing essentials in one kit! With two pairs of tweezers, lash trays, Lash Pure Cleanser, brushes, and more, The Classic Kit is perfect for new artists wanting to try out some of the Sugarlash PRO essentials and is the ultimate setup for seasoned classic artists.",
      "id": 5,
      "img1": "https://cdn.shopify.com/s/files/1/0572/0637/4587/products/Mixed_Kit_Website_1_1512x.jpg?v=1656441174",
      "img2": "https://cdn.shopify.com/s/files/1/0572/0637/4587/products/Mixed_Kit_Website_2_1512x.jpg?v=1656441177",
      "img3": "https://cdn.shopify.com/s/files/1/0572/0637/4587/products/Mixed_Kit_Website_3_1512x.jpg?v=1656441177",
      "img4": "https://cdn.shopify.com/s/files/1/0572/0637/4587/products/Mixed_Kit_Website_4_120x.jpg?v=1656441181",
      "img5": "https://cdn.shopify.com/s/files/1/0572/0637/4587/products/SLP_Rose-11-Mixedkit_120x.jpg?v=1656441182",
      "name": "Hand and foot massage",
      "price": "100"
    },
    {
      
      "describe": "Get all of your classic lashing essentials in one kit! With two pairs of tweezers, lash trays, Lash Pure Cleanser, brushes, and more, The Classic Kit is perfect for new artists wanting to try out some of the Sugarlash PRO essentials and is the ultimate setup for seasoned classic artists.",
      "id": 6,
      "img1": "https://cdn.shopify.com/s/files/1/0572/0637/4587/products/Mixed_Kit_Website_1_1512x.jpg?v=1656441174",
      "img2": "https://cdn.shopify.com/s/files/1/0572/0637/4587/products/Mixed_Kit_Website_2_1512x.jpg?v=1656441177",
      "img3": "https://cdn.shopify.com/s/files/1/0572/0637/4587/products/Mixed_Kit_Website_3_1512x.jpg?v=1656441177",
      "img4": "https://cdn.shopify.com/s/files/1/0572/0637/4587/products/Mixed_Kit_Website_4_120x.jpg?v=1656441181",
      "img5": "https://cdn.shopify.com/s/files/1/0572/0637/4587/products/SLP_Rose-11-Mixedkit_120x.jpg?v=1656441182",
      "name": "Draw eyebrows",
      "price": "100"
    },
    {
      
      "describe": "Get all of your classic lashing essentials in one kit! With two pairs of tweezers, lash trays, Lash Pure Cleanser, brushes, and more, The Classic Kit is perfect for new artists wanting to try out some of the Sugarlash PRO essentials and is the ultimate setup for seasoned classic artists.",
      "id": 7,
      "img1": "https://cdn.shopify.com/s/files/1/0572/0637/4587/products/Mixed_Kit_Website_1_1512x.jpg?v=1656441174",
      "img2": "https://cdn.shopify.com/s/files/1/0572/0637/4587/products/Mixed_Kit_Website_2_1512x.jpg?v=1656441177",
      "img3": "https://cdn.shopify.com/s/files/1/0572/0637/4587/products/Mixed_Kit_Website_3_1512x.jpg?v=1656441177",
      "img4": "https://cdn.shopify.com/s/files/1/0572/0637/4587/products/Mixed_Kit_Website_4_120x.jpg?v=1656441181",
      "img5": "https://cdn.shopify.com/s/files/1/0572/0637/4587/products/SLP_Rose-11-Mixedkit_120x.jpg?v=1656441182",
      "name": "Draw eyebrows",
      "price": "100"
    }
  ],
  "services-more":[
    {
      "id": 0,
      "banner":"https://cdn.shopify.com/s/files/1/0572/0637/4587/collections/plp-liftsystem_1600x.jpg?v=1669091660"
    }
  ],
  "customer" : [
   
  ]
}